{"src/main.cpp": 1754860640.3465345, "src/utility/cpp_parsing/cpp_parsing.cpp": 1754863640.7723458, "src/utility/text_utils/text_utils.cpp": 1754845245.7629838, "src/utility/logger/logger.cpp": 1754791851.675646}